symbol,n,vol_daily,news_per_day,analyst_events,earnings,price,dollar_vol_mn,unseen
KO,377,1.0683,64.159,50,6,78.99,816.24,False
BRK-B,377,1.113,89.947,9,5,500,1610.4,False
TJX,377,1.1288,0.39523,90,6,154.17,469.9,False
JNJ,377,1.1358,0,88,6,244.55,988.57,False
LIN,377,1.1376,17.271,29,5,473.07,567.85,False
MCD,377,1.1413,0.090186,110,6,332.12,772.38,False
CB,377,1.2334,24.775,72,6,332.47,354.05,False
COST,377,1.3101,29.125,129,6,998.85,1450.7,False
WELL,377,1.3278,1.9443,5,6,208.28,305.69,True
V,377,1.3682,0,84,6,324.14,1517.2,False
VZ,377,1.413,19.658,40,6,49.46,703.27,False
UNP,377,1.4135,43.724,80,6,261.58,549.47,False
XOM,377,1.4835,64.117,71,6,149.92,1329.2,False
WMT,377,1.5174,741.89,178,6,133.64,1311.9,False
RTX,377,1.5723,29.395,52,6,201.15,506,True
CSCO,377,1.5791,25.26,80,7,75,815.23,False
MSFT,377,1.5798,983.64,159,6,401.88,6730.5,False
PFE,377,1.6011,121.97,34,6,27.465,984.63,True
PM,377,1.6373,12.377,42,6,188.9,626.2,False
TMUS,377,1.6505,0.026525,75,6,214.75,682.22,False
PLD,377,1.6881,9.3899,60,6,136.4,315.3,False
GILD,377,1.701,18.072,90,6,151.77,521.61,False
AMGN,377,1.7454,26.809,58,6,366.29,547.69,False
BKNG,377,1.7553,43.777,135,5,166.25,33.635,True
DE,377,1.759,66.419,65,6,598.09,499.9,False
TMO,377,1.8335,17.016,71,6,509.8,1074.8,True
DHR,377,1.8576,13.61,57,6,214.86,623.63,False
AXP,377,1.8742,82.448,81,6,342.73,636.1,False
MS,377,1.9412,537.03,59,6,168.04,640.19,False
GE,377,1.9458,25.987,33,6,312.86,897.47,False
GS,377,1.978,556.64,64,6,904.19,1163.7,False
NFLX,377,2.0343,1822.8,182,6,75.865,607.86,True
COP,377,2.0345,29.745,82,6,110.86,530.62,False
AMZN,377,2.071,0,283,6,199.45,6812.9,False
CRM,377,2.0969,28.83,216,6,185.45,1591.3,False
BA,377,2.2401,549.18,89,6,239.24,1459.2,True
CVS,377,2.2462,3.7692,71,6,77.93,483.39,True
GLW,377,2.3055,25.729,51,6,131.54,287,True
ADI,377,2.3103,9.6711,88,6,331.35,542.61,False
QCOM,377,2.3333,113.01,68,6,138.47,967.82,True
UBER,377,2.4005,17.156,147,6,71.17,1378.4,False
LLY,377,2.4342,121.49,62,6,1038.9,2547.5,False
NOW,377,2.4693,10.244,167,6,103.29,321.84,False
NEM,377,2.6014,19.764,33,5,118.11,527.98,False
IBKR,377,2.6644,8.8912,45,6,73.02,130.91,False
DELL,377,3.1431,33.469,90,6,112.87,797.29,False
AVGO,377,3.44,87.814,133,6,331.05,4676.2,False
ORCL,377,3.4838,251.04,184,6,156.49,2696.2,False
AMD,377,3.6217,56.785,184,6,205.92,6105.4,False
INTC,377,3.9665,268.61,106,6,46.48,2049.4,False
