symbol,date_et,prev_close,open,close,ret,volume
DELL,2025-04-03,95.3,85.75,77.22,-0.18972,29785708
AVGO,2025-01-27,244.46,212.18,202.21,-0.17283,81798168
AMD,2026-02-04,242.19,215.44,200.46,-0.1723,74770744
INTC,2026-01-23,54.33,46.82,45.07,-0.17044,188055400
NEM,2024-10-24,57.76,55.735,49.24,-0.14751,35452403
LLY,2025-08-07,747.04,675.66,640.84,-0.14216,24983876
CVS,2026-01-27,83.87,75.39,72.15,-0.13974,41984986
ORCL,2025-01-27,183.62,168.9,158.29,-0.13798,39493427
IBKR,2025-03-10,48.01,46.062,41.815,-0.12904,4725923
DELL,2024-11-27,141.79,124.92,124.36,-0.12291,36852853
CSCO,2026-02-12,85.465,79.585,75,-0.12245,41738327
ORCL,2025-04-09,124.46,123.4,139.69,0.12237,15504558
GS,2024-11-06,526.93,567.3,596.18,0.13142,7352032
ORCL,2025-06-12,176.48,189.12,199.85,0.13242,52648536
NOW,2025-04-09,145.7,145,165.03,0.13265,2573428
AXP,2025-04-09,231.43,227.99,262.17,0.13283,7848977
LLY,2025-04-17,734.46,840.8,839.45,0.14295,10089609
INTC,2025-03-13,20.675,23.5,23.705,0.14655,231132377
CVS,2025-02-12,55,60.61,63.22,0.14945,33996289
QCOM,2025-04-09,124.8,125.15,143.46,0.14952,14710115
BA,2025-04-09,139.42,138.85,160.7,0.15263,15343398
NOW,2025-04-24,162.82,180.53,187.68,0.1527,5535433
GLW,2026-01-27,94.96,102.07,109.72,0.15543,24298010
DELL,2025-04-09,72.675,72.56,84.19,0.15845,16953814
INTC,2025-02-18,23.61,24.605,27.43,0.1618,261680382
IBKR,2025-04-09,36.728,36.461,42.678,0.162,4179711
ADI,2025-04-09,166.17,166.05,196.56,0.18288,7999633
AVGO,2025-04-09,156.29,160.63,184.92,0.18319,56113364
INTC,2025-04-09,18.15,18.08,21.49,0.18402,189076138
INTC,2025-09-18,24.89,31.78,30.57,0.2282,502599302
AMD,2025-10-06,164.64,226.32,203.64,0.23688,238521057
AMD,2025-04-09,78.19,79.22,96.72,0.23699,85438362
AVGO,2024-12-13,180.93,213.68,224.95,0.2433,110465613
ORCL,2025-09-10,241.62,319.19,328.44,0.35932,127158914
