session,hm,n,vol_pos,price_changed,usable_at_cutoff
post,16:00,18747,0.00016003,0.99653,yes
post,17:00,18391,0,0.93616,yes
post,18:00,18146,0,0.93944,yes
post,19:00,10709,0,0.93902,yes
pre,04:00,17979,0.00011124,0.96207,yes
pre,05:00,17345,0,0.92447,yes
pre,06:00,17288,0,0.91231,yes
pre,07:00,18056,0,0.95519,yes
pre,08:00,18688,0,0.97148,yes
pre,09:00,18490,0.00016225,0.97626,NO (known 09:30)
regular,09:30,18750,1,0.99995,NO
regular,10:30,18717,0.99995,0.99653,NO
regular,11:30,18699,0.99952,0.99636,NO
regular,12:30,18449,0.99978,0.99577,NO
regular,13:00,250,0,0.996,NO
regular,13:30,18500,0.99946,0.99535,NO
regular,14:00,247,0,0.9919,NO
regular,14:30,18500,0.99951,0.99497,NO
regular,15:00,246,0,0.9187,NO
regular,15:30,18500,0.99957,0.99486,NO
