table,rows,first,last,rows_in_eda_window
daily,28993,2023-10-20 16:00:00,2026-02-12 16:00:00,18850
price,468130,2023-10-20 05:00:00,2026-02-13 09:00:00,305527
earnings,1089,2020-09-24 16:00:00,2026-02-11 16:00:00,298
analyst,21717,2012-01-18 18:58:00,2026-02-12 20:32:49,4531
news,2410586,2024-08-13 20:00:00,2026-02-13 09:15:00,2410586
reddit/Daytrading.posts,99344,2023-12-31 19:10:45,2026-02-13 09:16:50,76262
reddit/Daytrading.comments,1128315,2023-12-31 19:01:23,2026-02-13 09:28:40,827360
reddit/StockMarket.posts,34670,2023-12-31 19:34:58,2026-02-13 09:28:32,24038
reddit/StockMarket.comments,1085730,2023-12-31 19:27:04,2026-02-13 09:26:06,966049
reddit/Superstonk.posts,139797,2023-12-31 19:07:42,2026-02-13 09:15:41,63344
reddit/Superstonk.comments,3818512,2023-12-31 19:00:19,2026-02-13 09:29:58,1887804
reddit/ValueInvesting.posts,30957,2023-12-31 20:55:02,2026-02-13 08:26:36,25502
reddit/ValueInvesting.comments,777102,2023-12-31 19:19:18,2026-02-13 09:29:50,660134
reddit/investing.posts,81783,2023-12-31 19:17:35,2026-02-13 09:00:31,55901
reddit/investing.comments,1200927,2023-12-31 19:00:27,2026-02-13 09:28:44,900739
reddit/options.posts,36621,2023-12-31 21:09:40,2026-02-13 08:21:54,26941
reddit/options.comments,481602,2023-12-31 19:08:17,2026-02-13 09:29:20,352363
reddit/stocks.posts,88744,2023-12-31 20:29:07,2026-02-13 09:20:37,65486
reddit/stocks.comments,2062185,2023-12-31 19:00:09,2026-02-13 09:29:27,1627104
reddit/wallstreetbets.posts,305620,2023-12-31 19:26:00,2026-02-13 09:24:04,192161
reddit/wallstreetbets.comments,19453866,2023-12-31 19:00:02,2026-02-13 09:29:57,13531972
