b,급하락,하락,보합,상승,급상승,ret,intraday,open_gap,n
<-5,86.6,7.3,3.7,0,2.4,-7.2622,-0.63332,-6.6778,82
-5~-2.5,46.5,24.9,15.6,6.3,6.7,-2.5362,0.42258,-2.9545,269
-2.5~-1.5,33.3,28.6,21.9,8.8,7.4,-1.0992,0.61796,-1.7122,430
-1.5~-0.6,15.3,36.5,30,15.8,2.5,-0.77284,0.058383,-0.83038,1514
-0.6~-0.3,6.9,31.4,38.5,20.1,3.2,-0.29119,0.058477,-0.34963,1915
±0.3,3.7,24,41.1,28.1,3.1,0.027418,0.020003,0.0073116,9078
0.3~0.6,3.7,18.1,34.1,36.8,7.3,0.39292,0.047439,0.34556,2510
0.6~1.5,3.2,14.8,24.7,42.1,15.2,0.86625,0.09202,0.77393,2131
1.5~2.5,4.7,13,16,35.6,30.8,1.5092,-0.23753,1.7532,494
2.5~5,3.1,7.1,9.2,28.2,52.4,2.8419,-0.39327,3.2557,294
>5,2.4,1.2,4.8,6,85.5,7.6058,-0.51158,8.2032,83
