month,score,accuracy,direction,big_recall,big_prec,n,p_big
2024-08,0.47295,0.35231,0.57641,0.51111,0.18852,650,0.069231
2024-09,0.57888,0.322,0.5425,0.53636,0.25322,1000,0.11
2024-10,0.48095,0.32522,0.54481,0.52294,0.21111,1150,0.094783
2024-11,0.48283,0.357,0.6055,0.53957,0.27881,1000,0.139
2024-12,0.18913,0.29524,0.48885,0.29032,0.11345,1050,0.088571
2025-01,0.4877,0.319,0.58947,0.52518,0.22956,1000,0.139
2025-02,0.245,0.29579,0.50904,0.39394,0.20077,950,0.13895
2025-03,0.52971,0.33238,0.58675,0.54587,0.32162,1050,0.20762
2025-04,0.3741,0.31333,0.60804,0.60952,0.32,1050,0.3
2025-05,0.59084,0.26952,0.6462,0.62162,0.19957,1050,0.14095
2025-06,0.47657,0.329,0.55821,0.58427,0.21757,1000,0.089
2025-07,0.4194,0.33455,0.55014,0.44762,0.19184,1100,0.095455
2025-08,0.45252,0.3419,0.54604,0.46087,0.28649,1050,0.10952
2025-09,0.3698,0.29714,0.53251,0.37363,0.15455,1050,0.086667
2025-10,0.42473,0.2913,0.52529,0.45732,0.23438,1150,0.14261
2025-11,0.40074,0.32947,0.56854,0.45139,0.23132,950,0.15158
2025-12,0.40466,0.33091,0.50546,0.41414,0.1907,1100,0.09
2026-01,0.40367,0.295,0.56148,0.45882,0.2549,1000,0.17
2026-02,0.33004,0.30444,0.47899,0.43411,0.38356,450,0.28667
