k,score,accuracy,direction,big_recall,big_prec,n,pred_big_share
0.5,0.21808,0.3733,0.12879,0.055599,0.86061,18800,0.0087766
0.75,0.28945,0.38899,0.19861,0.11276,0.69398,18800,0.022074
1,0.33389,0.39867,0.2597,0.16484,0.5783,18800,0.038723
1.25,0.36085,0.40133,0.31033,0.21222,0.51472,18800,0.056011
1.5,0.3752,0.40122,0.35108,0.2592,0.46718,18800,0.075372
2,0.39548,0.39053,0.4098,0.32811,0.39013,18800,0.11426
2.5,0.41084,0.37713,0.45071,0.3841,0.34289,18800,0.15218
3,0.41903,0.36128,0.47962,0.42365,0.29791,18800,0.19319
4,0.42296,0.33074,0.51621,0.48786,0.24494,18800,0.27059
5,0.42469,0.3066,0.5394,0.53563,0.21232,18800,0.34271
7,0.42131,0.26691,0.56897,0.5928,0.17603,18800,0.4575
10,0.41762,0.22899,0.5902,0.64213,0.15122,18800,0.57686
