,2024H2,2025H1,2025H2,2026H1
r1,-0.030364,0.0087663,-0.02685,0.038313
z1,-0.028993,0.0076335,-0.033038,0.044988
rel_r1,-0.030364,0.0087663,-0.02685,0.038313
gap1,-0.0019673,0.015238,-0.021598,-0.0073067
intra1,-0.04156,0.0067723,-0.013995,0.041085
r5,-0.030242,0.013699,-0.025291,0.029935
rel_r5,-0.030242,0.013699,-0.025291,0.029935
r20,-0.0091471,-0.01164,-0.03864,0.084757
rel_r20,-0.0091471,-0.01164,-0.03864,0.084757
r60,0.0043395,-0.0076429,0.0019136,0.075003
rsi14,0.0029806,0.0036416,-0.036332,0.083861
dist_ma20,-0.016512,-0.001417,-0.037371,0.076831
dist_ma50,0.007829,0.0036991,-0.027887,0.082471
dist_hi20,-0.0060905,-0.0089288,-0.051798,0.061473
streak,0.005718,0.015253,-0.018997,0.0030339
vol5,-0.0057146,0.011917,0.028111,0.030489
vol20,-0.0016305,0.034914,0.024622,0.010968
vol60,0.012352,0.032218,0.025576,-0.01681
atr14,-0.0012527,0.023317,0.035164,-0.01809
range1,0.02518,0.0069085,0.01511,-0.00093798
vol_ratio,-0.020566,-0.020446,0.016593,0.038467
volu_ratio,0.00046332,0.012915,0.022274,-0.016791
dvol20,-0.028469,-0.012555,0.0040918,-0.087549
mkt_r1,,,,
ovn_gap,0.28272,0.31974,0.28992,0.30309
