bucket,x_mean,x_min,x_max,n,ret_mean,absret_mean,p_crash,p_surge,p_big,p_down,p_up
1,1.3558,0.89213,1.5127,1885,0.05761,0.82173,0.013263,0.015915,0.029178,0.24032,0.28541
2,1.6153,1.5128,1.7115,1885,0.043693,0.94104,0.0313,0.024403,0.055703,0.2504,0.29708
3,1.8024,1.7116,1.8949,1885,0.091643,1.0067,0.026525,0.033952,0.060477,0.26207,0.32095
4,1.9869,1.895,2.0792,1885,0.039435,1.1241,0.045623,0.04191,0.087533,0.29231,0.3183
5,2.1762,2.0793,2.2764,1885,0.082955,1.1924,0.049867,0.051459,0.10133,0.29337,0.34589
6,2.3815,2.2766,2.4915,1885,0.11025,1.2679,0.056764,0.057294,0.11406,0.29019,0.37347
7,2.6278,2.4916,2.7776,1885,0.077102,1.3887,0.07321,0.072149,0.14536,0.31353,0.37613
8,2.9673,2.7776,3.174,1885,0.14849,1.5709,0.085411,0.088064,0.17347,0.32891,0.39257
9,3.4804,3.174,3.885,1885,0.01355,1.824,0.12414,0.11936,0.2435,0.34748,0.38674
10,5.0442,3.8851,9.3453,1885,0.32595,2.3986,0.15119,0.19894,0.35013,0.36499,0.43554
