feature,설명,IC_ret,IC_ret_t,IC_intraday,IC_intraday_t,IC_resid_after_gap,IC_resid_after_gap_t,IC_absret,IC_absret_t,AUC_big,AUC_big(sym)
r1,전일 수익률,-0.011043,-0.95327,0.004048,0.35385,-0.014003,-1.2524,0.010858,1.1744,0.4926,0.5074
z1,전일 수익률/σ20,-0.012627,-1.1494,0.003458,0.31886,-0.011508,-1.0785,0.0059512,0.66392,0.48834,0.51166
rel_r1,전일 시장 대비 수익률,-0.011043,-0.95327,0.004048,0.35385,-0.014003,-1.2524,0.010858,1.1744,0.51039,0.51039
gap1,전일 시가 갭,-0.0034892,-0.27638,-0.0070769,-0.58469,-0.015008,-1.269,0.01317,1.2535,0.49822,0.50178
intra1,전일 장중 수익률,-0.0099839,-0.90341,0.0095453,0.85845,-0.0070228,-0.63645,0.00066099,0.074393,0.49238,0.50762
r5,5일 수익률,-0.0095529,-0.7727,-0.0014718,-0.1192,-0.011769,-0.96647,-0.0009052,-0.089939,0.45959,0.54041
rel_r5,5일 시장 대비,-0.0095529,-0.7727,-0.0014718,-0.1192,-0.011769,-0.96647,-0.0009052,-0.089939,0.49174,0.50826
r20,20일 수익률,-0.012495,-0.97095,-0.0080226,-0.62395,-0.0055844,-0.43481,-0.024168,-2.3562,0.45308,0.54692
rel_r20,20일 시장 대비,-0.012495,-0.97095,-0.0080226,-0.62395,-0.0055844,-0.43481,-0.024168,-2.3562,0.47478,0.52522
r60,60일 수익률,0.0052613,0.36977,-0.00454,-0.33205,0.0051432,0.38206,-0.021236,-1.9813,0.45895,0.54105
rsi14,RSI14,-0.0037169,-0.28247,0.0037858,0.28748,0.0060032,0.45777,-0.036615,-3.6775,0.44006,0.55994
dist_ma20,MA20 괴리,-0.011281,-0.88754,-0.00012509,-0.0096093,-0.0029017,-0.2256,-0.008557,-0.832,0.45902,0.54098
dist_ma50,MA50 괴리,0.00030591,0.021503,0.0010325,0.073137,0.007912,0.5638,-0.024823,-2.2,0.44435,0.55565
dist_hi20,20일 고점 대비,-0.017151,-1.3449,0.005167,0.40574,0.001322,0.10544,-0.12455,-13.226,0.37486,0.62514
streak,연속 상승/하락 일수,0.00019844,0.019234,0.010041,1.0026,-0.0024605,-0.24735,-0.0070634,-0.82844,0.48183,0.51817
vol5,5일 σ,0.014357,1.1435,0.004049,0.33168,-0.0017777,-0.14842,0.19204,22.499,0.67083,0.67083
vol20,20일 σ,0.020111,1.3814,0.0033007,0.24133,0.0046054,0.3396,0.23483,26.97,0.68664,0.68664
vol60,60일 σ,0.02095,1.2835,0.00045481,0.03008,0.0044337,0.29465,0.25454,26.973,0.69003,0.69003
atr14,ATR14 %,0.017722,1.1133,0.0013547,0.091183,0.00038989,0.026522,0.2684,29.725,0.71342,0.71342
range1,전일 고저폭,0.01377,1.0637,-0.0070622,-0.57247,-0.013965,-1.147,0.20914,24.106,0.68844,0.68844
vol_ratio,σ5/σ60,-0.0032133,-0.35594,0.0013834,0.15412,-0.0089541,-1.0155,0.029697,3.7819,0.56023,0.56023
volu_ratio,전일 거래량/20일 평균,0.010525,1.3,0.0013987,0.17306,-0.0084546,-1.0517,0.051393,6.5103,0.57779,0.57779
dvol20,20일 평균 거래대금,-0.016965,-1.9669,-0.0271,-3.158,-0.025071,-2.9379,0.047412,6.4335,0.57373,0.57373
mkt_r1,전일 시장 수익률,,,,,,,,,0.46811,0.53189
ovn_gap,(참고) 시간외 갭,0.29875,26.318,-0.0015021,-0.12772,-0.050704,-4.1844,0.058794,4.6936,0.51809,0.51809
