month,0,1,2,3,4,big
2024-08,1.54,15.69,42.62,34.77,5.38,6.92
2024-09,4.9,23.1,35.3,30.6,6.1,11
2024-10,5.57,25.3,38.87,26.35,3.91,9.48
2024-11,6.1,21.1,34.6,30.4,7.8,13.9
2024-12,5.81,29.81,40.19,21.14,3.05,8.86
2025-01,4.8,20.9,33.5,31.7,9.1,13.9
2025-02,7.37,24.32,30.11,31.68,6.53,13.9
2025-03,12.57,25.52,28.1,25.62,8.19,20.76
2025-04,15.71,19.24,24.19,26.57,14.29,30
2025-05,4.86,24.19,34.86,26.86,9.24,14.1
2025-06,3.9,21.6,37.3,32.2,5,8.9
2025-07,4.64,25.73,36.55,28.18,4.91,9.55
2025-08,4.48,18.86,41.05,29.14,6.48,10.96
2025-09,3.9,25.24,38.48,27.62,4.76,8.66
2025-10,6.61,26.09,32.96,26.7,7.65,14.26
2025-11,8,22.53,32.42,29.89,7.16,15.16
2025-12,5,23.82,41.73,25.45,4,9
2026-01,7.8,23.9,32.5,26.6,9.2,17
2026-02,13,19.2,21.2,31.6,15,28
