symbol,vol,p_big,p_crash,p_surge,p_flat,unseen
KO,1.0683,0.026525,0.01061,0.015915,0.46419,False
BRK-B,1.113,0.029178,0.013263,0.015915,0.50398,False
TJX,1.1288,0.037135,0.01061,0.026525,0.4695,False
JNJ,1.1358,0.026525,0.01061,0.015915,0.51194,False
LIN,1.1376,0.03183,0.023873,0.0079576,0.4748,False
MCD,1.1413,0.034483,0.013263,0.02122,0.45623,False
CB,1.2334,0.04244,0.015915,0.026525,0.43501,False
COST,1.3101,0.066313,0.03183,0.034483,0.40053,False
WELL,1.3278,0.061008,0.023873,0.037135,0.3634,True
V,1.3682,0.050398,0.029178,0.02122,0.45889,False
VZ,1.413,0.071618,0.034483,0.037135,0.43767,False
UNP,1.4135,0.05305,0.026525,0.026525,0.41645,False
XOM,1.4835,0.098143,0.055703,0.04244,0.38992,False
WMT,1.5174,0.076923,0.03183,0.045093,0.38462,False
RTX,1.5723,0.076923,0.03183,0.045093,0.39788,True
CSCO,1.5791,0.068966,0.029178,0.039788,0.44297,False
MSFT,1.5798,0.071618,0.04244,0.029178,0.44032,False
PFE,1.6011,0.10345,0.050398,0.05305,0.35544,True
PM,1.6373,0.071618,0.045093,0.026525,0.36605,False
TMUS,1.6505,0.084881,0.058355,0.026525,0.34748,False
PLD,1.6881,0.090186,0.050398,0.039788,0.40053,False
GILD,1.701,0.11141,0.050398,0.061008,0.32891,False
AMGN,1.7454,0.11936,0.06366,0.055703,0.37401,False
BKNG,1.7553,0.10345,0.050398,0.05305,0.36074,True
DE,1.759,0.1061,0.034483,0.071618,0.33156,False
TMO,1.8335,0.11406,0.05305,0.061008,0.34218,True
DHR,1.8576,0.11406,0.066313,0.047745,0.35544,False
AXP,1.8742,0.12732,0.061008,0.066313,0.3687,False
MS,1.9412,0.12467,0.058355,0.066313,0.36074,False
GE,1.9458,0.14058,0.06366,0.076923,0.32095,False
GS,1.978,0.12202,0.05305,0.068966,0.34218,False
NFLX,2.0343,0.15119,0.082228,0.068966,0.29973,True
COP,2.0345,0.15915,0.076923,0.082228,0.28117,False
AMZN,2.071,0.15385,0.076923,0.076923,0.28382,False
CRM,2.0969,0.19894,0.11406,0.084881,0.26525,False
BA,2.2401,0.19894,0.095491,0.10345,0.32626,True
CVS,2.2462,0.16711,0.076923,0.090186,0.30239,True
GLW,2.3055,0.16976,0.066313,0.10345,0.28117,True
ADI,2.3103,0.17772,0.082228,0.095491,0.28912,False
QCOM,2.3333,0.18037,0.095491,0.084881,0.29973,True
UBER,2.4005,0.17772,0.084881,0.092838,0.25729,False
LLY,2.4342,0.19894,0.10345,0.095491,0.29708,False
NOW,2.4693,0.18833,0.1061,0.082228,0.25464,False
NEM,2.6014,0.25729,0.1061,0.15119,0.28647,False
IBKR,2.6644,0.24138,0.10345,0.13793,0.25995,False
DELL,3.1431,0.32891,0.14324,0.18568,0.19894,False
AVGO,3.44,0.32891,0.15385,0.17507,0.24138,False
ORCL,3.4838,0.29708,0.14589,0.15119,0.22016,False
AMD,3.6217,0.35279,0.16976,0.18302,0.20424,False
INTC,3.9665,0.4191,0.20955,0.20955,0.16976,False
