,spearman_mean_abs,spearman_n_big,spearman_|mkt|,partial_mean_abs|ctrl,n_days
rd_Daytrading,0.0045722,0.0304,0.07607,-0.12084,367
rd_StockMarket,0.18595,0.16452,0.10239,0.026022,367
rd_Superstonk,0.073236,0.07706,0.020498,-0.026763,367
rd_ValueInvesting,0.048604,0.067078,0.059568,-0.06538,367
rd_investing,0.11881,0.12158,0.087104,-0.049593,367
rd_options,0.087616,0.095612,0.051747,-0.052961,367
rd_stocks,0.1741,0.16687,0.11171,-0.0019476,367
rd_wallstreetbets,0.20481,0.18589,0.16435,0.013914,367
rd_all,0.17885,0.16786,0.092572,-0.037671,367
